-- 삽입
DELETE FROM 판매정보;
DELETE FROM 도서정보;
DELETE FROM 주문회원;
DELETE FROM 회원정보;

INSERT INTO 회원정보 VALUE('10001','오민혁','가석로','010-3789-8504');
INSERT INTO 회원정보 VALUE('10002','오민지','충무로','010-3789-8505');
INSERT INTO 회원정보 VALUE('10003','오동지','충무김밥','010-3789-8506');
INSERT INTO 회원정보 VALUE('10004','오로롱','충충충','010-3789-8507');
INSERT INTO 회원정보 VALUE('10005','오호호','충성','010-3789-8508');

INSERT INTO 도서정보 VALUE('12345678','HTML1');
INSERT INTO 도서정보 VALUE('12345679','HTML2');
INSERT INTO 도서정보 VALUE('12345608','HTML3');
INSERT INTO 도서정보 VALUE('12345578','HTML4');
INSERT INTO 도서정보 VALUE('12344678','HTML5');
INSERT INTO 도서정보 VALUE('12343678','HTML6');
INSERT INTO 도서정보 VALUE('12342678','HTML7');
INSERT INTO 도서정보 VALUE('12341678','HTML8');
INSERT INTO 도서정보 VALUE('12340678','HTML9');
INSERT INTO 도서정보 VALUE('12302678','HTML0');

INSERT INTO 주문회원 VALUE('00000000001','2022-03-16','10001');
INSERT INTO 주문회원 VALUE('00000000002','2022-03-16','10002');
INSERT INTO 주문회원 VALUE('00000000003','2022-03-16','10003');
INSERT INTO 주문회원 VALUE('00000000004','2022-03-16','10004');
INSERT INTO 주문회원 VALUE('00000000005','2022-03-16','10005');
INSERT INTO 주문회원 VALUE('00000000006','2022-03-16','10001');


INSERT INTO 판매정보 VALUE('00000000001','10001','12345678','1','15000');
INSERT INTO 판매정보 VALUE('00000000002','10002','12345679','1','15000');
INSERT INTO 판매정보 VALUE('00000000003','10002','12345608','1','15000');
INSERT INTO 판매정보 VALUE('00000000004','10003','12345578','1','15000');
INSERT INTO 판매정보 VALUE('00000000005','10004','12344678','1','15000');
INSERT INTO 판매정보 VALUE('00000000006','10005','12343678','1','15000');
-- 자료 조회회원번호PRIMARY


-- 변경

